smiles,critical_temp
C[C@H]1CCCC[C@H]1C,607.29
C[C@H]1CC[C@H](C)CC1,585.88
C=CCCCCCCCCCCCCCCCCCC,772.0
C=C(C)CCCC,541.8
CCCC(=O)C(C)C,593.0
O=S=O,430.62
CC/C=C\CC,510.2
ClP(Cl)Cl,558.9
S,373.42
CC(C)c1ccc(C(C)C)cc1,675.1
N#[N+][O-],309.57
O=P(Cl)(Cl)Cl,601.1
CCCCCCCCCCCCCCC(=O)O,777.0
I,423.63
Br,363.68
FN(F)N(F)F,309.4
CCN(CC)CCO,626.0
CCc1ccccc1,617.1
C=Cc1ccccc1,635.0
N#Cc1ccccc1,703.9
OCc1ccccc1,714.9
O=Cc1ccccc1,692.0
CNc1ccccc1,702.0
COc1ccccc1,646.11
CSc1ccccc1,706.0
CCc1ccccn1,628.0
CC(C)(C)c1ccc(C(C)(C)C)cc1,708.0
c1ccc(Cc2ccccc2)cc1,770.0
c1ccc(Oc2ccccc2)cc1,766.89
CCc1cc(CC)cc(CC)c1,679.0
CCCN(CCC)CCC,638.0
OCCN(CCO)CCO,772.0
CCCCC(CC)COC(C)=O,642.0
C=CC(=O)OCC(CC)CCCC,672.0
CCCc1ccccc1,638.28
CCNc1ccccc1,699.0
CCOc1ccccc1,646.5
OCCN1CCNCC1,760.0
O=C(O)Cc1ccccc1,766.0
CCCCc1ccccc1,660.42
CCCCCCCCCCc1ccccc1,752.0
CCCCC(CC)CO,640.27
Cc1ccc(C#N)cc1,723.0
Cc1ccc(C=O)cc1,715.5
CCc1ccc(CC)cc1,657.871
CCCC(C)CO,604.4
CCOC(=O)CC,546.19
COC(=O)CC(C)=O,653.0
CCOC(=O)CC(=O)OCC,651.0
CCCC(=O)OCC,569.5
CCOC(=O)OCC,578.1
O=C1CCCCCN1,801.0
CCCOC(=O)CCC,593.8
Cc1ccc(O)c(C)c1,708.0
CCC(=O)OCCC(C)C,611.0
CCCC(=O)OCCC(C)C,619.0
CCCCCCC(=O)OCC,634.4
CCCCCCCC(=O)OCC,654.3
CCCCCCCCCCCC(=O)OCC,718.0
CCCCC(=O)CC,606.6
CCCOC(=O)CC,569.4
Cc1ccc(C)cc1,616.18
Cc1ccc(O)cc1,699.15
Clc1ccc(Cl)cc1,669.1
CN1CCN(C)CC1,606.0
CCCCCC(=O)CC,627.7
CCCCCC(=O)OC,603.7
CCC(C)(CC)CC,576.5
CCCCCCC(=O)OC,627.8
COC(=O)CCCCCCCCC(=O)OC,742.0
CCCBr,536.9
CCCC,425.139
C=CCC,419.33
C=CC=C,425.3
CCCS,536.6
C=CCCl,513.9
ClCCCl,561.2
CC(C)(C)CC(C)(C)C,574.57
CCCN,496.95
C=CCN,540.0
CCC#N,561.15
CCCCCC(C)(C)C,576.7
C=CC#N,540.0
NCCN,613.1
CC(C)(C)CCC(C)(C)C,581.5
Fc1ccccc1Br,669.6
Fc1cccc(Br)c1,652.0
COC=O,487.0
C=C(C)CC(C)(C)C,544.2
CCCCCCc1ccccc1,697.43
CCCC(C)C,497.88
CCCCCCCc1ccccc1,708.0
CCCC(C)=O,561.17
CCCC(=O)O,621.6
C=COC(C)=O,519.19
CC(C)CC(C)C,519.8
CC(=O)CC(C)C,575.3
CC(C)CC(C)O,574.4
CC(C)NC(C)C,523.1
CC(C)OC(C)C,500.21
CC(=O)OC(C)C,531.09
C=C(C)OC(C)=O,550.0
CC(=O)OC(C)=O,605.9
CC1CCC(=O)O1,708.0
CC1COC(=O)O1,763.0
Cc1cccc(C)c1,616.94
Cc1cccc(O)c1,705.67
Cc1cccc(N)c1,709.0
Oc1cccc(O)c1,836.0
Cc1ccnc(C)c1,647.05
Cc1cccc(C)n1,623.8
CC1CNCC(C)N1,646.0
COC(=O)CC(=O)OC,647.0
CCOC(=O)CC(C)C,583.5
COCC(C)OC(C)=O,597.6
Cc1cc(C)cc(C)c1,637.3
Cc1cc(C)cc(O)c1,716.0
Brc1ccccc1,670.9
Cc1ccccc1,591.86
Cc1ccncc1,645.88
Clc1ccccc1,632.39
NC1CCCCC1,626.8
OC1CCCCC1,647.23
O=C1CCCCC1,664.1
Oc1ccccc1,694.25
Sc1ccccc1,689.0
Cc1cccnc1,644.79
Cc1ccccn1,621.5
CCCCOC(=O)CCC,612.0
C=CCCC(C)=O,593.5
CCCCC(=O)O,639.66
CCCOC(C)=O,549.73
CCCCC,469.75
C=CCCC,464.78
CCCCCl,539.2
CCCCN,531.8
CCCC#N,585.4
NCCCN,632.0
CCCCS,570.1
COCCO,598.0
COCOC,490.7
CCNCC,499.51
C=COCC,475.0
CCOC=O,509.7
c1cc[nH]c1,639.66
C1CCOC1,540.14
c1ccoc1,490.2
C1CCSC1,632.0
c1ccsc1,579.41
CC(=O)CCC(C)C,604.0
O=C(O)CCC(=O)O,851.0
CC(=O)OCC(C)C,561.5
CCCCCCCCCC(=O)OCC,687.0
CCOC(=O)CCCCCCCCC(=O)OCC,740.0
CCCCCCCCCC(=O)OC,675.0
CCCCCC(C)=O,611.43
CC(C)CCOC=O,578.0
COCCOC(C)=O,603.0
CCCCCC,507.549
CCCCC#N,610.3
NCCCCN,651.0
N#CCCC#N,815.0
CCCCC=O,561.0
OCCCCO,726.9
COCCC#N,650.9
COCCOC,536.6
CCCOC=O,538.2
CCOCCO,599.0
C1CCCCC1,553.418
C1=CCCCC1,560.42
C1CNCCN1,660.1
c1ccncc1,619.18
O=C(O)CCCC(=O)O,840.0
CC(C)CNCC(C)C,584.4
CC(C)CCCC(C)CCCC(C)CCCCC(C)CCCC(C)CCCC(C)C,813.0
CCCCCCCC(=O)OC,646.0
CCCCCCC(C)=O,632.7
CCCCCCC(=O)O,678.5
CCOCCOC(C)=O,608.5
O=C(O)CCCCCC(=O)O,842.0
O=C(O)CCCCCCCCC(=O)O,845.0
CCCCCCN,592.3
CCCCCCO,610.4
OCCCCCO,731.0
C=COCCCC,540.5
NCCNCCN,709.8
NCCNCCO,739.0
OCCNCCO,737.0
CCCOCCC,530.63
CC(=O)OCCOC(C)=O,655.0
CCCCCCCC,568.837
C=CCCCCCC,566.72
N#CCCCCC#N,831.0
CCCCCCCO,632.69
CCCCCCC=O,616.77
CCCCOCCO,633.9
COCCOCCO,672.0
CCCCCCCCCCCC(=O)OC,711.1
CCCCCCCCC,594.557
CCCCCCCCCl,643.0
CCCCCCCCN,641.0
CCCCCCCCO,651.5
CCCCCCCCS,667.0
CCCCNCCCC,607.5
COC(=O)CCCC(=O)OC,682.0
CCCCCCCCC(C)O,668.59
CCCCCCCCCCC,638.85
CCCCCCCC/C=C\CCCCCCCCCCCC(=O)OC,817.0
C=CCCCCCCCCCCCC,691.0
CCCCCCCCC(=O)O,712.0
CC1CCCC1=O,631.0
CCCCCCCCCC(C)=O,687.8
OCCOCCOCCO,782.0
CCCCCCCCCCO,687.26
CCCCCCCCCC=O,674.2
CCCCCCCCCCC(=O)O,728.0
CCCCCCCCCCCCCCCC(=O)OC,760.0
CCCCCCCCCCCC,658.23
C=CCCCCCCCCCC,657.6
CCCCCCCCCCCO,703.04
OCCCCCCCCCCO,770.0
CCCCCCCCCCCCO,719.4
CCCCCCCCCCCCS,734.0
CCCCCCOCCCCCC,663.1
CCCCCCCCCCCCCCCCCC(=O)OC,785.0
CCCCCCCC/C=C\CCCCCCCC(=O)OC,777.0
CCCCC/C=C\C/C=C\CCCCCCCC(=O)OC,778.0
CCCCCCCCCCCCCO,732.0
CCCCCCCCCCCCCCO,743.0
CCCCCCCCCCCCCCCCCCCCCC(=O)O,837.0
C=CCCCCCCCCCCCCCCCC,748.0
CCCCCCCCCCCCCCCCCCO,790.0
CCCCCCCCCCCCCCCCCCCC,769.0
C=CC,365.0
COC,400.31
FC1(F)C(F)(F)C(F)(F)C1(F)F,388.45
C=C(C)OC,478.58
FC(F)=C(F)C(F)(F)F,359.0
CCCCCCCCOC(=O)c1ccccc1C(=O)OCCCCCCCC,840.0
Cc1ccccc1C(=O)O,763.0
COC(=O)c1ccccc1O,709.0
O=C(c1ccccc1)c1ccccc1,830.0
c1ccc2c(c1)CCCC2,720.1
c1ccc2cnccc2c1,803.1
c1ccc2cc3ccccc3cc2c1,882.0
COC(=O)c1ccc(C(=O)OC)cc1,779.0
O=C1CCCC1,624.0
CN1CCCC1,548.62
CCN(CC)CC,535.62
CN(C)c1ccccc1,687.64
CC(=O)Oc1ccccc1,686.0
OCCCc1ccccc1,732.0
OCCOc1ccccc1,749.0
CCCCCCCCCCCCCc1ccccc1,790.0
CCc1ccc(O)cc1,716.0
CCCC(=O)CCC,602.0
CCOC(=O)CCC(=O)OCC,665.9
CCCCCCCCC(=O)OCC,664.1
CCC=O,504.35
CNC=O,716.0
CC1OC(C)OC(C)O1,563.0
CCCCCC(=O)OCC,615.2
CCCC=O,537.2
CC(=O)CCC(=O)O,766.0
CCCCCC(C)N,598.0
CCCCOC(C)=O,575.55
C1COCCO1,587.17
CC(=O)OCCC(C)C,586.11
CCCCCCC(C)O,629.8
O=C(O)CCCCCCCC(=O)O,844.0
O=C(O)CCCCC(=O)O,841.0
CCCCCCCCCCCCCC(=O)OCC,740.0
CCCCCCCC(=O)O,693.7
NCCCCCCN,685.0
CCCCCCCCCCCCCC(=O)OC,730.0
C=CCCCCCCC,593.7
CCCCCCCC#N,674.4
CCCCCCCC=O,639.25
CCCCCCCCCC,617.633
CCCCCCCCC=O,658.0
O=C=O,304.1467
CNC,437.45
FC(F)(Br)C(F)(F)Br,487.6
CCOC(C)(C)OCC,511.0
ClC(Cl)=C(Cl)Cl,620.2
CC(=O)N(C)C,660.2
c1cc2ccc3cccc4ccc(c1)c2c34,956.0
CCCCC(=O)C(C)C,615.0
COC(=O)c1ccccc1C(=O)OC,772.0
CCCOC(=O)c1ccccc1C(=O)OCCC,784.0
CCCCCOC(=O)c1ccccc1C(=O)OCCCCC,811.0
c1ccc2c(c1)oc1ccccc12,824.0
c1ccc2c(c1)sc1ccccc12,897.0
C=CCCCCCCCCCCCCC,705.0
C/C=C/CCCCC,569.8
CCCC(C)(C)C(C)(C)C,623.0
[2H]S[2H],372.29
CCC(C)c1ccccc1,652.98
CCCCOC(=O)c1ccccc1,725.0
CCC(C)CO,575.4
FC(F)OC(F)(F)C(F)Cl,475.0
CCC(C)N,514.3
C=CC(=O)OCC,555.0
CCOC(=O)CCCCC(=O)OCC,697.0
C=CC(=O)OCCCC,597.38
NCCO,672.2
CCOC(C)=O,523.31
CC(=O)C=C(C)C,605.0
ClCCCCl,615.0
C1=CCCC1,506.16
CCCCCC(=O)O,661.1
CCCCCCC,540.16
CCCNCCC,555.8
CCCCCCOC(C)=O,618.0
CCCCOCCCC,584.1
CCCCCCCCCCCC(=O)O,743.0
CCCCCCCCCO,675.0
COCCOCCOCCOCCOC,727.0
Fc1cc(F)cc(Cl)c1,592.0
Fc1ccc(Cl)c(F)c1,609.6
CC(C)C(O)C(C)(C)CO,708.2
CCCCCCCC(=O)CCC,680.9
CCCCCCCCCCCCCCCCCO,780.0
C/C=C/CCCC,542.8
Fc1cccc(F)c1F,560.3
CCCCC(CC)C(=O)O,674.4
CCCC(C)C(O)CC,623.5
FC(F)Br,411.98
O=C(CC(=O)C(F)(F)F)C(F)(F)F,485.1
CCCCCCCCCCC(=O)CC,716.0
CCCCCCCCCC(=O)CC,701.0
Cl/C=C\Cl,540.0
CCCOCC(C)O,605.0
SC1CCCCC1,670.0
C=C(C)CCCCC,567.5
C1CCSCC1,684.0
COC(C)(C)C,497.07
C1CCC(C2CCCC2)C1,690.0
CCC1CCCC1,569.45
CC(C)C(C)(C)C(C)C,607.55
CCC1CCCCC1,606.1
CCCC1CCCCC1,630.7
CCCCC1CCCCC1,650.1
CC(C)CC1CCCCC1,642.1
FC(F)OC(F)F,420.26
COc1cc(C)ccc1C,677.0
CCCCCCCCC(=O)OC,665.0
CCCCCCCCCCC(=O)OC,694.0
COC(=O)CCCCCCC(=O)OC,723.0
CC(F)(F)C(F)(F)F,380.11
O=C(O)CCCc1ccccc1,783.0
C=CCCCCCCCCCCCCCCCCC,755.0
CCC(C)CC(O)CC,621.2
CCCCCCCC(=O)CCCC,695.0
CCOC(=O)CCCCCCC(=O)OCC,723.0
CCCCCCC(O)CCC,663.72
CCCCCOC(=O)CCCC,646.0
CCCCCCCCc1ccccc1,725.0
CCCCCCCC(=O)CCCCC,709.0
CCCCCCCCC(=O)CC,685.0
O=C(O)CCCCc1ccccc1,790.0
FC(F)(F)I,396.467
CCCOC(=O)c1ccccc1,710.0
CCCCCCCCCCCCC(C)=O,728.0
Fc1cc(F)c(F)c(F)c1,535.2
Fc1ccc(F)c(Cl)c1,612.5
C=CCCCCCCCCCCC,673.0
CCCCCCCCCC(=O)CCC,712.0
CCCCCCCCCCC(=O)CCC,725.0
O=C(O)C(F)(F)C(F)(F)C(F)(F)C(F)(F)F,545.5
c1ccc2occc2c1,685.0
NCCCCCCCCCCCCN,767.0
CCCOCCO,614.6
C1CCCC1,511.749
c1cocn1,551.0
c1cnccn1,627.0
C1CCCCCC1,604.2
C1CCCCCCC1,647.2
CC/C=C\C/C=C\C/C=C\CCCCCCCC(=O)OC,779.0
NN,653.0
FC(F)(F)C(Cl)Cl,456.89
CCCCCCCCC(=O)CCCC,710.0
FC1(F)C(F)(F)C(F)(F)C2(F)C(F)(F)C(F)(F)C(F)(F)C(F)(F)C2(F)C1(F)F,565.11
FC(F)(F)C(F)(F)C(F)(F)C(F)(F)C(F)(F)C(F)(F)C(F)(F)C(F)(F)F,498.22
FC(F)(F)C(F)(F)C(F)(F)C(F)(F)N(C(F)(F)C(F)(F)C(F)(F)C(F)(F)F)C(F)(F)C(F)(F)C(F)(F)C(F)(F)F,561.11
Fc1c(F)c(F)c2c(F)c(F)c(F)c(F)c2c1F,673.0
CC(C)(C)C1CCCCC1,647.9
Fc1c(Cl)c(F)c(Cl)c(F)c1Cl,684.8
CCCCCCC(C)C,582.9
Fc1cc(F)c(F)cc1F,543.4
CCCCCCC(=O)CCCC,679.0
FC(F)(F)COCC(F)(F)F,476.31
CCCCCCCCCC(=O)O,723.8
FC(F)(F)C(F)(F)C(F)(F)C(F)(F)C(F)(F)C(F)(F)C(F)(F)F,475.14
OCCCCc1ccccc1,746.0
FC(F)(F)C(F)(F)C(F)(F)N(C(F)(F)C(F)(F)C(F)(F)F)C(F)(F)C(F)(F)C(F)(F)F,523.78
C=C(C)C(C)CC,533.6
Fc1c(F)c(F)c(Cl)c(F)c1F,569.86
Fc1ccccc1Cl,633.8
CCCCCCNC,592.0
CC(C)CCC(C)(C)C,570.0
Fc1ccc(Cl)cc1,620.1
C=CCCC(C)C,528.7
CCSCC,557.8
CCF,375.26
FC(F)(Cl)Br,428.0
N#CC(F)(F)F,311.1
FC(Cl)C(F)(F)Cl,461.6
FC(F)C(F)(F)F,339.173
FC(F)(F)C(F)(F)C(F)(F)C(F)(C(F)(F)F)C(F)(F)F,454.57
CC(=O)C(F)(F)C(F)(F)C(F)(F)F,476.55
FC(F)(F)C(F)(F)C(F)(F)C(F)(F)F,386.35
FC(F)C(F)(F)C(F)(F)C(F)(F)C(F)(F)C(F)(F)F,471.8
FC(F)(F)C(F)(F)C(F)(F)C(F)(F)C(F)(F)C(F)(F)F,449.2
FC(F)=C(F)C(F)(F)C(F)(F)C(F)(F)C(F)(F)C(F)(F)F,478.1
FC1(F)C(F)(F)C(F)(F)C(F)(F)C(F)(F)C1(F)F,457.19
FC1=C(F)C(F)(F)C(F)(F)C(F)(F)C1(F)F,461.8
FC(F)=CCl,400.6
FC(F)C(F)F,391.752
Fc1cc(F)c(F)c(F)c1F,530.971
CCCCCCCCCCCOC(=O)c1ccccc1C(=O)OCCCCCCCCCCC,886.0
CCCCCCCOC(=O)c1ccccc1C(=O)OCCCCCCC,830.0
CCCCCCCCCCCCCCCCO,770.0
Fc1ccccc1F,566.0
Fc1ccc(F)c(F)c1,551.1
Fc1cccc(F)c1,548.4
Fc1cc(F)cc(F)c1,530.9
NCCCCCCCCN,712.0
FC(F)(F)S(F)(F)(F)(F)F,381.2
FC(F)(F)C(F)(Cl)Cl,418.6
Fc1c(F)c(F)c(F)c(F)c1F,516.7
FC(F)(F)c1ccccc1Br,656.5
OCCCCCCCCCO,760.0
CCOC(=O)C(C)(C)C,566.0
FC(F)(F)c1cccc(Br)c1,627.1
O=C(O)CCCCCCc1ccccc1,798.0
FC(F)(F)c1ccc(Br)cc1,629.8
CCCCCCCCCCCCCCCCCCCCCCCCCCCCCCCCCCCCCCCC,904.0
CC(F)(F)F,345.868
COC(F)(F)F,377.922
FC(F)C(F)C(F)(F)F,412.378
Fc1c(F)c(F)c(C(F)(F)F)c(F)c1F,534.47
Fc1c(F)c(F)c(-c2c(F)c(F)c(F)c(F)c2F)c(F)c1F,640.0
O=CN1CCOCC1,779.0
Cc1c(F)cccc1F,581.8
CCCCCC(=O)CCC,643.7
Cc1cc(F)ccc1F,587.8
Cc1ccc(F)cc1F,581.4
Fc1ccc(Br)cc1,654.8
Fc1ccccc1,560.06
CCCCCCC(=O)CCCCCC,708.0
CCOCOCC,532.0
C=C=C,394.0
O=C=S,377.1
CC(C)(C)C,433.75
CC(C)C(C)(C)C,531.1
C1CC[C@H]2CCCC[C@H]2C1,701.4
C1CC[C@H]2CCCC[C@@H]2C1,687.3
c1ccc2c(c1)CCC2,684.9
O=C(O)CCc1ccccc1,776.0
CCCCC(=O)CCCC,641.39
CC(C)CC(=O)O,629.1
OCCCO,721.7
O=C(O)CCCCCCC(=O)O,843.0
CCCCCCCCCCCCCCCCC(=O)O,792.0
CCCCCCCCCCCCCCCCCCCC(=O)O,820.0
CC(C)(C)Cl,498.2
CCCCOCC(C)O,625.0
CC=C(C)C,476.8
CCCCCC(O)CCCC,663.23
Cc1cccc(C)c1C,664.43
Cc1cccc(O)c1C,723.0
Cc1ccco1,528.0
CCc1ccncc1,653.0
CCc1cccnc1,651.0
CCCCCCCCCCCC(=O)OCC(COC(=O)CCCCCCCCCCC)OC(=O)CCCCCCCCCCC,899.0
CCCCCc1ccccc1,675.0
CC(C)Cc1ccccc1,650.0
CCCCC(=O)OCC,593.3
CCCC(=O)OCC(C)C,611.0
Fc1ccc(F)cc1,556.9
CCC(=O)OCC(C)C,589.5
CCCCl,503.26
CCOC,437.84
CC(C)CC(C)(C)C,543.86
CC(=O)OC(C)(C)C,541.0
Clc1cccc(Cl)c1,685.7
CC(=O)OC(C)OC(C)=O,618.0
ClC1CCCCC1,586.0
CC(C)COC=O,551.0
CCCCCC(C)O,610.1
CCCCCCl,571.2
CCCCCCCl,599.0
N#CCCCC#N,825.0
CCCCCCCCCCCCCC(=O)O,763.0
CCCCCCCCCCCCCCCC,722.39
COC(=O)C(C)C,540.75
Fc1ccc(F)c(F)c1F,550.8
COC(=O)C(=O)OC,626.0
CCC(=O)OC,530.7
Cc1cccs1,602.0
C=CCOCC,518.0
O=C(O)CCCCCc1ccccc1,794.0
C=CC(C)(C)C,477.4
CCC(C)(C)C(C)C,573.5
ClC(Cl)(Cl)Cl,556.349
CCC(C)(C)CC,536.3
CCCC(C)(C)CC,562.0
C=CC(C)C,451.56
C=C(C)CC,467.73
C=C(C)C(C)C,497.7
CC(C)=C(C)C,521.0
CC(=O)C(C)C,553.08
CCC(C)C(C)(C)C,563.4
CCC(C)C(C)C,537.27
CCC(O)C(C)C,576.0
CC(C)C(C)C(C)C,566.3
OCCCCCCCCCCCCO,798.0
OCC(O)CO,850.0
CCCCCCCCCCCCCCCC(=O)O,785.0
CCCCCCCCCCCCCCCCCC(=O)O,803.0
Cc1ccc(C)c2ccccc12,778.0
Cc1cc(C)c2ccccc2c1,772.0
CC(O)CO,676.0
Cc1cccc(C)c1O,701.0
Cc1ccc2ccc(C)cc2c1,775.0
CCC(C)C(C)CC,568.8
Cc1ccncc1C,683.75
Cc1cccnc1C,655.45
CCC(O)CC,559.6
CCCC(C)C(C)C,563.4
COCC(C)=O,584.0
CCCC(C)CC,535.2
CCCC(=O)CC,583.09
CCC(C)CC(C)C,553.5
CCCC(C)CCC,561.7
CCCC(O)CCC,602.6
CC(C)COC(=O)CC(C)C,621.0
CCCCC(O)CCC,625.1
CCCCC(=O)CCC,623.8
CCCCC(O)CC,605.4
Cc1ccc(C)nc1,644.16
CCCCCC(O)CC,628.45
CCCCOC(=O)CC,594.0
C/C=C\C,435.7
CCCC(C)(C)C,520.4
CCCC(C)(C)O,559.5
CCCCC(C)(C)C,549.9
Cc1cncc(C)c1,667.25
CCCCOC(=O)CCCC,629.0
CCCCC(C)C,530.37
CCCCC(C)=O,586.78
CC(C)CCC(C)C,549.95
CCCCCC(C)C,559.63
C=CCCCC,504.0
C=CCCC=C,516.5
C=CCCCCC,537.471
CCCCCCCCCCCC(C)=O,717.0
CCCCCC(O)CCC,645.1
CCCCCCCCCCCCCCCCCC,747.6
CF,317.45
C[Sn](C)(C)C,521.8
CCC(C)(C)Cl,509.1
COC(C)C,464.5
CC(C)C(C)O,556.1
OCCc1ccccc1,723.2
CCOCC,466.8
CCCC(C)O,560.4
CCCCCCC(=O)CCCCC,694.0
CCC(CC)C(C)C,567.0
Cc1ccccc1N(C)C,667.95
Cc1cccc2cccnc12,787.0
CCCCCCCCC(=O)CCC,697.0
Cc1ccsc1,607.0
O=C1CCCN1,789.1
CCCCCCCCCCC(C)=O,702.0
CCC(CC)CC,540.6
CCCC(CC)CC,565.4
CCc1cccc(O)c1,716.0
CCc1ccc(C)cc1,640.2
CCCC(O)CC,582.46
CCCC(=O)OC,553.0
CCOC(=O)CO,637.0
CCCCCCC(=O)CCC,662.9
CCCCC(=O)OC,575.0
CCCCCCC(O)CC,648.0
C/C=C/C,428.61
CCSC,532.8
CSSC,608.0
CCC=C(C)C,509.3
Nc1ccccc1,698.77
CC(C)OC=O,534.65
CCSC(C)=O,590.5
Cc1c[nH]c(C)c1,653.0
Cc1ccc(C)[nH]1,662.0
Cc1ccc(C)o1,550.0
Fc1cccc(Cl)c1,615.9
CN1CCCCC1,581.5
CCCCC(C)O,586.03
C/C=C\CC,474.93
CCCCCCCCCCC(=O)OCC,701.0
COC(=O)CCCCC(=O)OC,692.0
CCCCC=C(C)C,568.9
CCCCOC,512.77
CCCOCC,500.7
CCCCCOC(C)=O,599.6
CCCCCOC,546.49
CCCCCCCCCCCCCCCC(=O)OCC,767.0
CCCCCCCC(C)O,649.31
CCCCCCCCl,614.0
CCCCCCCCCCCC(=O)CC,727.0
OCCCCCCCCO,752.0
CCCCCCCCCCCCC,675.74
CCCCCCCCCCCCCC,692.43
CCCCCCCCCCCCCCC,706.91
C=CCCCCCCCCCCCCCC,718.0
CCCCCCCCCCCCCCCO,757.0
CCCCCCCCCCCCCCCCC,735.7
CCCCCCCCOCCCCCCCC,726.7
CCCCCCCCCCCCCCCCCCC,755.8
CCCCCCCCCCCCCCCCCCCCC,777.8
CCCCCCCCCCCCCCCCCCCCCC,785.6
CCCCCCCCCCCCCCCCCCCCCCCCCC,819.0
CCCCCCCCCCCCCCCCCCCCCCCCCCCC,836.0
CCCCCCCCCCCCCCCCCCCCCCCCCCCCCCCCCCCC,888.0
[C-]#[O+],134.35
CC(C)c1cc(C(C)C)c(C(C)C)cc1C(C)C,703.0
CCOC(C)(C)C,509.0
CCCCCOC=O,576.0
CCCCCCCCCCCCCCCCCCCCCCC,789.9
CCCCCCCCCCCCCCCCCCCCCCCCCCCCCC,850.0
CCO,513.98
O=CO,588.0
CC(=O)O,594.37
C/C=C\CCCC,548.5
CCCOC(=O)C(C)C,587.2
NCCCCCCCCCN,726.0
NCCCCCCCCCCN,736.0
CCCCCCCCCCCCCCCCCCCCCCCC,799.7
O=C(O)c1ccccc1,755.0
CCCCCCCCCCCCCCCCCCCCCCO,827.0
CCCCCC=O,591.7
COc1ccc(C)cc1C,682.0
CCCCCCCCCCCc1ccccc1,763.0
CO,512.618
CC(C)O,508.27
CC(C)=O,508.09
C=CCCCCCCCCCCCCCCC,734.0
ClC(Cl)Cl,536.13
CS(C)=O,718.0
FC(F)(F)C(F)(F)C(F)(F)C(F)(F)C(F)(F)F,421.81
CCCCCCOC(=O)c1ccccc1,748.0
FCC(F)(F)C(F)F,447.57
CN(C)C=O,647.2
O=C1CCCN1C1CCCCC1,810.0
O=C(C(F)(F)F)C(F)(F)F,357.24
FC(F)=C(F)C(F)=C(F)F,412.8
CCCOCCOCCO,687.0
FC(F)(F)CC(F)(F)F,398.07
C=CCC(C)C,493.2
O=C(O)CCCCCCCCCCC(=O)O,859.0
CCCCCCCCC(C)=O,671.8
Fc1ccc(Cl)cc1F,609.2
CCCCCCCCCCCCCCCCCCCCCCCCCCCCCCCCCCCCCCCCCCCC,919.0
CCCO,536.76
CCCCO,562.98
CCCCCO,588.0
c1ccccc1,562.032
CCC(C)(C)C(C)(C)C,607.5
CCC(C)CC(C)(C)CC,609.5
CCCCOC(=O)CO,665.0
C,190.551
CC,305.352
C=C,282.348
C#C,308.52
CCl,416.266
CN,430.63
C#N,456.6
CS,469.87
CCBr,505.1
CCC,369.873
CCCl,459.0
C=CCl,424.6
C=CF,328.04
CCN,456.49
CC=O,464.1
CCS,498.75
ClCCl,518.15
FCF,351.279
S=C=S,552.5
CSC,502.88
C1CC1,398.25
C1CO1,468.7
BrC(Br)Br,682.0
CC(C)C,407.79
CC(C)Cl,482.5
CC(C)N,472.25
CC(Cl)Cl,523.48
CC(F)F,386.449
C=C(F)F,302.98
FC(Cl)Cl,451.65
O=C(Cl)Cl,454.9
FC(F)Cl,369.262
FC(F)F,299.0079
CN(C)C,432.79
II,814.0
CC1CO1,482.3
FC(F)(F)Br,340.08
CC(C)(C)N,483.71
CC(C)(C)O,506.13
CC(F)(F)Cl,410.3
FC(Cl)(Cl)Cl,471.17
FC(F)(Cl)Cl,384.97
FC(F)(F)Cl,301.884
FC(F)(F)F,227.5
FC(F)(Br)CBr,554.0
CCC(C)(C)C,489.11
CCC(C)(C)O,543.82
FC(F)(F)CCl,425.0
OCC(F)(F)F,498.57
CC(=O)C(C)(C)C,570.92
O=C(Cl)C(Cl)(Cl)Cl,604.0
O=C(O)C(F)(F)F,491.3
FC(Cl)(Cl)C(F)(Cl)Cl,551.0
FC(F)(Cl)C(F)(Cl)Cl,487.46
FC(F)(Cl)C(F)(F)Cl,418.78
FC(F)(F)C(F)(F)Cl,353.0
FC(F)(F)C(F)(F)F,293.022
FC(F)(F)C(F)(F)C(F)(F)F,345.048
C=CCC(C)(C)C,516.0
C=C(C)CCC,521.0
CCOCCC(=O)OCC,618.7
Cl,324.674
F,461.1
N,405.399
CCCCCCCCCCCCCCCCCCCCCCCCCCCCCCCCCCCCCCCCCCCCCCCCCCCCCCCCCCCC,974.0
C/C=C\CCC,513.4
OO,728.0
BrBr,584.4
N#N,126.1931
O,647.317
COC(C)(C)OC,510.0
[2H][2H],38.34
O=O,154.62
ClCl,416.89
FOF,215.2
FP(F)F,271.1
[2H]O[2H],643.89
BrI,719.0
CCC(C)C,460.45
CC(C)C#N,561.0
CC(C)CO,547.76
CC(C)C=O,519.0
CCC(C)Cl,518.6
CCC(C)O,535.963
CCC(C)=O,535.773
ClC=C(Cl)Cl,544.1
CCC(=O)O,602.7
CNC(C)=O,707.0
COC(C)=O,506.56
CC(C)C(C)C,500.2
CC(C)C(=O)O,605.3
ClC(Cl)C(Cl)Cl,661.1
FC(F)=C(F)Cl,379.5
O=C(C(F)(F)F)C(F)(F)Cl,410.6
C=C(C)C(=O)OC,549.0
FCC(F)(F)F,374.126
CCCCCC(=O)CCCC,661.0
O=C(O)CCCCCCCCCCCCC(=O)O,862.0
CCCCCCCC(C)=O,652.13
c1cc2c3c(cccc3c1)CC2,811.0
CCOC(=O)c1ccccc1C(=O)OCC,776.0
CCCCCCOC(=O)c1ccccc1C(=O)OCCCCCC,817.0
CCCCCCCCCOC(=O)c1ccccc1C(=O)OCCCCCCCCC,858.0
c1ccc2c(c1)ccc1ccccc12,883.0
c1ccc2c(c1)Cc1ccccc1-2,836.0
C=CCCCCCCCC,616.06
CN1CCCC1=O,721.74
Cc1ccc2nc(C)ccc2c1,786.0
Cc1c(C)c(C)c(C)c(C)c1C,757.7
Cc1ccc(C(C)C)c(O)c1,698.0
CCc1ccccc1O,703.0
Clc1cccc2ccccc12,647.1
Nc1ccccc1-c1ccccc1,838.0
O=C1CCCCC1C1CCCCC1,787.0
C1CCC2CCCCC2C1,645.0
c1ccc2ccccc2c1,748.35
c1ccc2ncccc2c1,783.1
Cc1ccc2ccccc2c1,760.9
Cc1ccc2ccccc2n1,778.0
CCC(C)(Cl)CC,528.0
CCOC(C)(C)CC,545.42
c1ccc(-c2cccc(-c3ccccc3)c2)cc1,884.0
CCCCCCC(=O)CC,648.0
CCCCCC(=O)CCCCC,678.5
CCCCCCCC(=O)CC,668.0
NCCOCCO,721.0
c1ccc(-c2ccc(-c3ccccc3)cc2)cc1,926.0
COC(=O)c1ccccc1,702.0
CCOC(=O)c1ccccc1,700.0
CCc1ccc2ccccc2c1,763.0
C1=Cc2ccccc2C1,695.0
c1ccc2sccc2c1,764.0
Cc1cc2ccccc2[nH]1,810.0
Cc1ccccc1C,630.56
Cc1ccccc1O,695.19
Clc1ccccc1Cl,698.8
Cc1ccccc1N,716.4
Cc1ccc(C)c(C)c1,649.11
Cc1ccc(O)cc1C,730.0
Cc1ccc(C)c(O)c1,707.0
CCOC(=O)C(=O)OCC,646.0
Cc1cc(C)c(C)cc1C,676.0
CCC(C)CC,504.58
CCC(C)C=O,532.0
CCC(=O)CC,561.44
C=CC(=O)OC,532.7
COC(=O)CO,632.0
CC1CCCC1,532.757
OC1CCCC1,620.0
CC1CCCO1,538.0
Cn1cccc1,594.0
C=C(C)C(=O)OCC,572.0
CC(C)COC(=O)C(C)C,602.0
C=C(C)C(=O)OCCCC,616.0
OCC1CCCO1,668.0
OCc1ccco1,660.0
O=Cc1ccco1,662.0
CC(C)(C)c1ccccc1,647.02
CC(C)c1ccccc1,631.2
CC(O)c1ccccc1,699.0
CC(=O)c1ccccc1,709.51
Cc1cccc(C(=O)O)c1,771.0
CCC(C)(C)OC,536.4
Cc1ccc(C(C)C)cc1,653.1
Cc1ccc(C(=O)O)cc1,775.0
FC(F)OCC(F)(F)C(F)(F)F,455.1
FC(F)C(F)(F)OCC(F)(F)F,463.89
[2H]Cl,323.5
COC(C(F)(F)F)C(F)(F)F,459.59
[2H]Br,361.95
[2H]I,421.75
CCOC(F)(F)C(F)(F)C(F)(F)C(F)(F)F,482.02
FC(F)C(F)(F)COC(F)(F)C(F)F,510.07
FC(F)(F)COC(F)(F)F,401.9
COC(F)(F)C(F)(F)F,406.814
FC(OC(F)(F)F)C(F)(F)F,377.2
Cc1ccc(F)c(F)c1,598.5
FC(F)(Br)C(F)(F)C(F)(F)C(F)(F)Br,532.5
CC(=O)C(F)(F)C(F)(F)F,453.0
FC(F)(F)C(F)(F)C(F)(F)C(F)(F)C(F)(F)C(F)(F)C(F)(F)C(F)(F)C(F)(F)F,523.95
CCC(=O)C(F)(F)C(F)(F)F,475.5
FC(F)OC(F)(F)F,354.48
FC1(F)OC(F)(F)C1(F)F,361.85
FC(F)CC(F)(F)F,427.12
FC(F)C(F)(F)OCC(F)(F)C(F)(F)F,473.0
CC(O)COC(C)(C)C,601.0
COCC(F)(F)C(F)F,505.35
C[C@H]1CC[C@@H](C)CC1,603.19
CC(=O)C(F)(F)C(F)(F)C(F)(F)C(F)(F)F,498.97
FC1(F)OC(F)(F)C(F)(F)C1(F)F,399.6
FF,144.0
C[SiH](Cl)Cl,475.0
FC(F)(Br)C(F)(Cl)Br,560.6
OCCCCCCO,740.8
CC(=O)OCc1ccco1,656.0
CCO[Si](OCC)(OCC)OCC,587.0
O=Cc1ccccc1C(=O)O,864.0
I[Ge](I)(I)I,973.0
CC(Cl)CCl,578.2
FC(F)OC(F)C(F)(F)F,428.95
CC12CC3CC(C1)CC(C)(C3)C2,707.0
CC12CC3CC(C)(C1)CC(C)(C3)C2,702.0
COc1cccc(C)c1,665.0
COC(=O)CCC(=O)OC,662.0
CC1CCCCC1,572.275
OCCOCCO,753.0
CCOCCOCCOC(C)=O,670.0
CCOCCOCCOCC,612.0
OCCOCCOCCOCCO,812.0
CC(C)(CO)CO,687.0
CCCCCOC(=O)c1ccccc1,736.0
Cc1ccc(F)cc1,592.1
Cc1cccc(F)c1,591.8
FC(F)(F)SC(F)(F)F,376.8
OCCOCCOCCOCCOCCO,842.0
CCOCCOC(C)(C)C,585.0
COC(C)OC,511.6
CCCCCCCC(=O)OCC(COC(=O)CCCCCCC)OC(=O)CCCCCCC,836.0
CCCCCCCCCCCCCC(=O)OCC(COC(=O)CCCCCCCCCCCCC)OC(=O)CCCCCCCCCCCCC,925.0
C[Si]1(C)O[Si](C)(C)O[Si](C)(C)O[Si](C)(C)O1,586.5
CCCOC(=O)CC(C)C,609.0
CCCOC,476.2
[2H]C([2H])([2H])[2H],189.2
FC1=C(F)C(F)(F)C(F)(F)C1(F)F,433.02
COc1ccccc1C,662.0
C[C@H]1CCC[C@@H](C)C1,586.3
COCCOC(C)(C)C,574.0
C=CC(F)(F)F,376.65
CCC(C)(O)CC,575.6
CCOC(=O)CCCC(=O)OCC,682.0
Cc1cccc2ccccc12,772.2
Cc1ccccc1F,591.2
O=C1CCCO1,731.1
CCOC(=O)C(C)C,561.5
[Kr],209.425
F[Xe](F)(F)F,612.0
FS(F)(F)(F)(F)F,318.7088
[Ne],44.4
Cl[Si](Cl)(Cl)Cl,507.62
[Rn],377.5
ClB(Cl)Cl,453.5
C[Si](C)(C)O[Si](C)(C)C,518.77
C[Si](C)(C)O[Si](C)(C)O[Si](C)(C)C,564.32
CC[Si](Cl)(Cl)Cl,560.0
Cl[Si](Cl)(Cl)Br,540.0
Cl[Si](Cl)(Br)Br,585.0
Cl[Si](Br)(Br)Br,618.0
C[Si](C)(C)O[Si](C)(C)O[Si](C)(C)O[Si](C)(C)C,599.4
F[Si](Cl)(Cl)Cl,438.4
C[SiH](O[Si](C)(C)C)O[Si](C)(C)C,553.4
C[Si]1(C)O[Si](C)(C)O[Si](C)(C)O[Si](C)(C)O[Si](C)(C)O1,617.43
C[Si](C)(O[Si](C)(C)c1ccccc1)c1ccccc1,750.0
CC[Si](CC)(CC)CC,603.9
[He],5.2014
[Xe],289.749
C[Si](C)(C)C,448.61
C[Si](C)(C)Cl,497.8
C[Si](C)(Cl)Cl,520.4
F[Si](F)(F)F,259.0
[AsH3],373.05
[SiH4],270.0
C[Si](O[Si](C)(c1ccccc1)c1ccccc1)(c1ccccc1)c1ccccc1,893.0
CC[Si](CC)(CC)O[Si](CC)(CC)CC,693.0
F[Xe](F)(F)(F)(F)F,502.0
F[Xe]F,631.0
CC[Si](Cl)(Cl)CC,595.8
C[Si](C)(C)O[Si](C)(O[Si](C)(C)C)O[Si](C)(C)C,597.0
[Ar],150.71
O=C=Nc1ccccc1,657.0
CCc1ccc(C)nc1,656.0
COCCOCCOCCOC,681.2
OCCO,719.5
FC(F)(F)C1(F)C(F)(F)C(F)(F)C(F)(F)C(F)(F)C1(F)F,485.94
C=CCO,539.88
FCC(F)(F)C(F)(F)C(F)(F)F,431.95
Cl[SiH](Cl)Cl,479.1
BrP(Br)Br,711.14
P,325.4
COCC(C)OC,543.0
CC(CC(C)(C)C)CC(C)(C)CC(C)(C)C,692.0
O=[O+][O-],261.08
CC(=O)OCC(COC(C)=O)OC(C)=O,720.0
BrB(Br)Br,580.0
COc1ccc(C)cc1,667.0
C/C=C/C(=O)OCC,594.5
CCOC(C)OCC,539.67
CN(CCO)CCO,742.0
CC(O)CCO,679.0
N#CCC#N,755.0
C1CCNCC1,594.099
COCCOCCOC,618.3
CCCCOCCOC(C)=O,640.4
FC(F)=C(F)F,306.9
CCCCC(CC)COC(=O)c1ccccc1C(=O)OCC(CC)CCCC,835.0
CC(C)CCO,579.45
C1CCNC1,568.61
CCCCOCCOCCOC(C)=O,690.0
[2H]N([2H])[2H],405.45
F[Si](F)(F)Cl,307.6
C1CCOCC1,572.04
FP(F)Cl,362.32
FP1(F)=NP(F)(F)=NP(F)(F)=N1,460.9
CCCCCCCC(O)CC,666.11
Cl/C=C/Cl,515.5
CC(F)(Cl)Cl,477.3
COC(=O)CCCCCC(=O)OC,711.0
CC(CO)CO,708.0
CCCCCCCCCCOCCCCCCCCCC,768.0
OCCOCCOCCOCCOCCOCCO,868.0
FC(F)OC(Cl)C(F)(F)F,467.8
FC(F)(F)C1(F)C(F)(F)C(F)(F)C(F)(F)C(F)(C(F)(F)F)C1(F)F,512.0
FC=C(F)F,331.73
FC(C(F)(F)F)C(F)(F)F,375.01
CCC(=O)CC(C)CC,619.0
CCCCC(C)CC,563.6
CCCCCCCCCC(=O)OCC(COC(=O)CCCCCCCCC)OC(=O)CCCCCCCCC,864.0
CC(C)CCCO,603.5
CCOCCOCC,542.0
CCCCCCCCCCCCCCCCCCCCO,808.0
CO[Si](OC)(OC)OC,558.0
CC(C)C1CCCCC1,634.7
C#CC,401.5
C[N+](=O)[O-],588.0
c1ccc(-c2ccccc2-c2ccccc2)cc1,858.0
CCCCOC(=O)c1ccccc1C(=O)OCCCC,797.0
CCCCCCCCCCOC(=O)c1ccccc1C(=O)OCCCCCCCCCC,870.0
c1ccc(-c2ccccc2)cc1,772.6
FC(F)(F)C1(F)C(F)(F)C(F)(F)C(F)(F)C1(F)F,451.43
CC(F)(F)CC(F)(F)F,459.9
FC1(F)C(F)(F)C(F)(F)[C@]2(F)C(F)(F)C(F)(F)C(F)(F)[C@@]2(F)C1(F)F,526.0
FC1(F)C(F)(F)C(F)(F)[C@]2(F)C(F)(F)C(F)(F)C(F)(F)[C@]2(F)C1(F)F,530.0
CC#N,545.42
COC(=O)OC,556.84
CCCCOCCOCCO,692.3
O=[N+]([O-])[N+](=O)[O-],431.4
CCC(O)CO,680.0
O=S(=O)=O,491.03
FC(F)(F)OC(F)(F)C(F)(F)F,356.9
OCCCOCCCO,705.0
FS(F)(F)F,364.0
FC(F)(F)N(C(F)(F)C(F)(F)C(F)(F)C(F)(F)F)C(F)(F)C(F)(F)C(F)(F)C(F)(F)F,529.49
CCCCCC#N,621.87
O=C1OCCO1,786.0
CCC=CCC,502.2
FC(=C(F)C(F)(C(F)(F)F)C(F)(F)F)C(F)(F)F,438.99
FC(F)(F)C(F)(F)C1(F)C(F)(F)C(F)(F)C(F)(F)C2(F)C(F)(F)C(F)(F)C(F)(F)C(F)(F)C12F,574.88
CCCCCCCCO[Si](OCCCCCCCC)(OCCCCCCCC)OCCCCCCCC,812.0
C1=COCCC1,561.5
CCOCCOCCO,670.0
FC(F)(F)C1(F)OC1(F)F,359.4
CC1=CC[C@@H]2[C@H](C1)C2(C)C,658.0
Cc1ccc(CO)cc1,719.0
CCCO[Si](OCCC)(OCCC)OCCC,649.0
C=C(F)C(F)(F)F,367.86
FC(F)=C(F)C(F)(F)C(F)(F)C(F)(F)C(F)(F)F,454.4
CCCCCO[Si](OCCCCC)(OCCCCC)OCCCCC,714.0
CCCCCCO[Si](OCCCCCC)(OCCCCCC)OCCCCCC,757.0
Cl[As](Cl)Cl,653.4
F[Si](F)(Cl)Cl,368.9
CCCCCCCO[Si](OCCCCCCC)(OCCCCCCC)OCCCCCCC,778.0
CCCCCCCCCO[Si](OCCCCCCCCC)(OCCCCCCCCC)OCCCCCCCCC,830.0
CCCCCCCCCCO[Si](OCCCCCCCCCC)(OCCCCCCCCCC)OCCCCCCCCCC,849.0
FP1(F)=NP(F)(F)=NP(F)(F)=NP(F)(F)=NP(F)(F)=N1,524.0
FC(F)(F)CC(F)(OC(F)(F)F)C(F)(F)F,447.0
C[Si](Cl)(Cl)Cl,517.75
C=C(C)[C@H]1CC=C(C)CC1,653.0
COCC(C)O,579.8
FC(Cl)C(F)(F)F,395.425
CC(C)O[Si](OC(C)C)(OC(C)C)OC(C)C,587.0
C[Si](C)(C)C[Si](C)(C)C,573.9
FC(F)COC(F)(F)C(F)F,501.08
[3He],3.3
Cl[SiH2]Cl,448.9
FC(F)C(F)(F)COC(F)(F)C(F)C(F)(F)F,516.21
FC(F)(F)C(F)(F)C(F)(C(F)(F)F)C(F)(F)C(F)(F)F,450.0
FC(F)OCC(F)(F)F,444.88
C[Si](C)(C)O[Si](O[Si](C)(C)C)(O[Si](C)(C)C)O[Si](C)(C)C,623.0
F/C=C/C(F)(F)F,382.515
CC(C)C(C)C(C)(C)C,592.6
F/C=C/F,348.82
FC(F)(F)C(F)(F)C(F)(F)C(F)(F)C(F)(F)C(F)(F)C(F)(F)C(F)(F)C(F)(F)C(F)(F)F,542.4
COC(F)(F)C(F)(F)C(F)(F)F,437.7
F/N=N/F,260.0
C[Si]1(C)O[Si](C)(C)O[Si](C)(C)O[Si](C)(C)O[Si](C)(C)O[Si](C)(C)O[Si](C)(C)O1,683.0
[SeH2],410.14
CC(=O)CC(C)O,616.0
C=C(C)C,417.99
CC/C=C/CC,507.0
CC/C=C/CCC,538.6
CCC/C=C/CCC,566.3
FP(Cl)Cl,462.99
FC(F)(F)C(F)(C(F)(F)F)C(F)(F)F,395.4
C/C=C/CCC,509.0
C/C=C\C(C)C,496.3
CC(C)[C@@H]1CC[C@@H](C)C[C@H]1O,694.0
FC(C(F)(F)F)C(F)(F)OCC(F)(F)C(F)(F)F,486.48
COC(F)(F)C(F)(F)C(F)F,486.98
FC(F)CN(C(F)(F)F)C(F)(F)F,460.2
FC1(F)OC(F)(F)C(F)(F)O1,368.07
CCOC(F)(F)C(F)(F)F,431.23
FC(F)C(F)(F)OC(F)(F)F,387.76
FC(F)OC(F)(OC(F)F)C(F)(F)F,450.0
FC(F)(F)C1OC(F)(F)C(F)(F)O1,435.0
CCCCCCOC(=O)CO,694.0
FC(F)C(F)(F)C(F)(F)C(F)(F)C(F)(F)F,443.9
COCC(F)(F)C(F)(F)C(F)(F)F,481.54
FC(F)(F)OC(F)(F)C(F)(F)C(F)(F)F,391.7
CCCCCCCC(=O)CCCCCC,723.0
COC(C(F)(F)F)(C(F)(F)F)C(F)(F)F,463.0
FCC(F)(F)OC(F)F,462.03
COCC(F)(F)C(F)(F)C(F)(F)C(F)F,546.1
CC(=O)C(F)(C(F)(F)F)C(F)(F)F,468.0
FC(C(F)(F)F)C(F)(F)OCC(F)(F)F,475.74
CCCOC(=O)CO,651.0
FC(F)(F)COC(F)(F)C(F)(F)F,421.68
OC(F)C(F)(F)CF,553.6
OC(F)C(F)(F)C(F)(F)C(F)(F)C(F)(F)C(F)(F)CF,589.0
OC(F)C(F)(F)C(F)(F)C(F)(F)CF,571.1
FC1OC(F)(F)C(F)(F)OC1(F)F,453.0
CC1(C)CO1,500.0
C[Si@]1(c2ccccc2)O[Si@@](C)(c2ccccc2)O[Si@@](C)(c2ccccc2)O1,824.0
FC(F)C(F)(F)C(F)(F)C(F)(F)C(F)(F)C(F)(F)C(F)(F)F,495.8
FC(F)(F)OC(F)(F)OC(F)(F)F,372.35
N#CC#N,397.0
COCC(F)(F)F,448.98
COC(F)(C(F)(F)F)C(F)(F)F,433.3
FC(F)(F)C(F)(Cl)C(F)(F)Cl,451.85
FP1(F)=NP(F)(F)=NP(F)(F)=NP(F)(F)=N1,496.4
CC1=CC[C@H]2C[C@@H]1C2(C)C,632.0
FB(F)F,260.94
FC1C(F)(F)C(F)(F)C(F)(F)C(F)(F)C1(F)F,477.6
FC(F)(F)C(F)(C(F)(F)F)C(F)(C(F)(F)F)C(F)(F)F,463.0
O=[As](Br)(Br)Br,390.85
F/N=N\F,272.0
I[Si](I)(I)I,944.0
CCCCO[Si](OCCCC)(OCCCC)OCCCC,682.0
Br[Si](Br)(Br)Br,663.1
[GeH4],312.09
FC(F)(F)/C=C\C(F)(F)F,444.471
CCC(=O)OC(C)COC,611.7
IB(I)I,773.0
C[C@@H]1CCCC[C@H]1C,596.3
FC(F)(F)C(F)(F)OC(F)(F)C(F)(OC(F)(F)C(F)(F)C(F)(F)F)C(F)(F)F,480.91
C[C@H]1C[C@H](C)C[C@@H](C)C1,602.2
C12C3C4C5C1[Fe]23451678C2C1C6C7C28,785.0
C=C1CC[C@H]2C[C@@H]1C2(C)C,635.0
FC(F)(F)/C=C/Cl,438.848
I[Sn](I)(I)I,968.0
CC=CC(=O)OCC,599.1
[2H][Se][2H],412.35
F/C=C\C(F)(F)F,423.27
FC(F)N(C(F)(F)F)C(F)(F)F,404.9
CCO[Ti](OCC)(OCC)OCC,647.0
CCCO[Ti](OCCC)(OCCC)OCCC,685.0
CCCCCO[Ti](OCCCCC)(OCCCCC)OCCCCC,751.0
CCCCCCO[Ti](OCCCCCC)(OCCCCCC)OCCCCCC,780.0
CCCCCCCO[Ti](OCCCCCCC)(OCCCCCCC)OCCCCCCC,808.0
CCCCCCCCO[Ti](OCCCCCCCC)(OCCCCCCCC)OCCCCCCCC,831.0
CCCCCCCCCO[Ti](OCCCCCCCCC)(OCCCCCCCCC)OCCCCCCCCC,855.0
CCCCCCCCCCO[Ti](OCCCCCCCCCC)(OCCCCCCCCCC)OCCCCCCCCCC,882.0
COC(=O)CCC(C)=O,668.0
CCOC(=O)CCC(C)=O,669.0
CCCCOC(=O)CCC(C)=O,692.0
FC(F)(F)C(F)(F)C(F)(C(F)(F)C(F)(F)F)C(F)(C(F)(F)F)C(F)(F)F,507.1
OCC1CCC(CO)CC1,800.0
COC(C)CO,597.0
FC(F)(F)/C=C/C(F)(F)F,403.41
C/C(F)=C\C(F)(F)F,424.73
CC1=CCC(=O)O1,666.0
CCCOC(=O)CCC(C)=O,674.0
F/C(=C\Cl)C(F)(F)F,428.75
C[Si@]1(c2ccccc2)O[Si@@](C)(c2ccccc2)O[Si@](C)(c2ccccc2)O1,839.0
CN(C(F)(F)F)C(F)(F)F,415.76
CCN(C(F)(F)F)C(F)(F)F,442.6
[2H]P([2H])[2H],323.55
CCCCCCCCOC(=O)CO,718.0
CCCCCOC(=O)CO,679.0
[2H][As]([2H])[2H],372.05
Br[SiH](Br)Br,609.1
Br[Ti](Br)(Br)Br,795.6
I[Ti](I)(I)I,1037.0
Br[Ge](Br)(Br)Br,718.0
